{"puntosNivel1":292596.25,"puntosNivel2":99999999998.50390625,"puntosNivel3":10000000000.0,"puntosNivelBoss":357730.53125,"audioVolume":0.0,"dash":false,"dJump":true,"rock":true,"light":false}