{"puntosNivel1":0.10000000149011612,"puntosNivel2":0.10000000149011612,"puntosNivel3":0.10000000149011612,"puntosNivelBoss":0.10000000149011612,"audioVolume":0.5,"dash":false,"dJump":true,"rock":false,"light":true}