{"puntosNivel1":109825.546875,"puntosNivel2":120564.1953125,"puntosNivel3":0.0,"puntosNivelBoss":0.0}