{"puntosNivel1":0.10000000149011612,"puntosNivel2":0.10000000149011612,"puntosNivel3":0.10000000149011612,"puntosNivelBoss":417117.0625,"audioVolume":0.5,"dash":true,"dJump":false,"rock":true,"light":false}