{"puntosNivel1":313266.375,"puntosNivel2":99999997952.0,"puntosNivel3":10000000000.0,"puntosNivelBoss":357730.53125,"audioVolume":0.42642325162887576,"dash":true,"dJump":false,"rock":true,"light":false}